query,link
self assessment,/log-in-file-self-assessment-tax-return
childcare account,/sign-in-childcare-account
personal tax account,/personal-tax-account
universal credit,/sign-in-universal-credit
childcare,/sign-in-childcare-account
share code,/view-prove-immigration-status
self assessment,/self-assessment-tax-returns
pension,/check-state-pension
mot,/check-mot-status
contact hmrc,/contact-hmrc
sign in,/sign-in
council tax,/council-tax-bands
hmrc,/log-in-register-hmrc-online-services
apprenticeship,/apply-apprenticeship
gateway,/log-in-register-hmrc-online-services
council tax band,/council-tax-bands
right to work,/prove-right-to-work
passport,/renew-adult-passport
car tax,/vehicle-tax
sign in,/log-in-register-hmrc-online-services
vehicle tax,/vehicle-tax
share code,/prove-right-to-work
student finance,/student-finance-register-login
tax return,/self-assessment-tax-returns
companies house,/government/organisations/companies-house
driving test,/book-driving-test
gmr,/guidance/get-a-goods-movement-reference
log in,/log-in-register-hmrc-online-services
tax,/log-in-register-hmrc-online-services
theory test,/book-theory-test
state pension,/check-state-pension
graduate visa,/graduate-visa
help to save,/sign-in-help-to-save
jobs,/find-a-job
self assesment,/log-in-file-self-assessment-tax-return
update,/update-uk-visas-immigration-account-details
car tax,/check-vehicle-tax
login,/log-in-register-hmrc-online-services
passport,/apply-renew-passport
dbs,/government/organisations/disclosure-and-barring-service
sorn,/make-a-sorn
login,/sign-in
utr,/find-utr-number
government gateway,/log-in-register-hmrc-online-services
child trust fund,/child-trust-funds
paye,/log-in-register-hmrc-online-services
tax free childcare,/sign-in-childcare-account
apprenticeships,/apply-apprenticeship
visa,/check-uk-visa
road tax,/vehicle-tax
passport,/find-regional-passport-office
national insurance,/check-national-insurance-record
pip,/pip
universal credit,/universal-credit
provisional,/apply-first-provisional-driving-licence
mot,/check-mot-history
personal tax,/log-in-register-hmrc-online-services
personal tax account,/log-in-register-hmrc-online-services
renew driving licence,/renew-driving-licence
brp,/biometric-residence-permits
dvla,/government/organisations/driver-and-vehicle-licensing-agency
euss,/settled-status-eu-citizens-families
blue badge,/apply-blue-badge
child benefit,/child-benefit
tax,/vehicle-tax
contact,/contact-hmrc
universal credit,/government/publications/uc50-form-universal-credit-capability-for-work-questionnaire
provisional license,/apply-first-provisional-driving-licence
driving test,/change-driving-test
simple assessment,/simple-assessment
income tax,/check-income-tax-current-year
tax return,/log-in-file-self-assessment-tax-return
uc50,/government/publications/uc50-form-universal-credit-capability-for-work-questionnaire
cost of living,/guidance/cost-of-living-payment
tax,/guidance/sign-in-to-your-hmrc-business-tax-account
vat,/log-in-register-hmrc-online-services
cold weather payment,/cold-weather-payment
visa,/apply-to-come-to-the-uk
sa100,/self-assessment-tax-return-forms
self assessment,/log-in-register-hmrc-online-services
land registry,/government/organisations/land-registry
power of attorney,/power-of-attorney
road tax,/check-vehicle-tax
find a job,/find-a-job
pay your corporation tax bill,/pay-corporation-tax
pension forecast,/check-state-pension
pensions,/check-state-pension
self assessment tax returns,/self-assessment-tax-returns
self assessment,/pay-self-assessment-tax-bill
p60,/paye-forms-p45-p60-p11d
tax,/check-vehicle-tax
cis,/what-is-the-construction-industry-scheme
pta,/personal-tax-account
tax,/log-in-file-self-assessment-tax-return
company tax returns,/file-your-company-accounts-and-tax-return
dbs,/request-copy-criminal-record
visa,/sign-in-visa
share code,/view-right-to-work
tax vehicle,/vehicle-tax
passport,/get-a-child-passport
mot history,/check-mot-history
skilled worker visa,/skilled-worker-visa
personal tax,/personal-tax-account
renew passport,/renew-adult-passport
self assesment,/self-assessment-tax-returns
utr number,/find-utr-number
council tax bands,/council-tax-bands
right to work,/view-right-to-work
mot check,/check-mot-history
passport renewal,/renew-adult-passport
national insurance number,/lost-national-insurance-number
cost of living payment,/guidance/cost-of-living-payment
theory,/book-theory-test
vehicle tax,/check-vehicle-tax
tax car,/vehicle-tax
change of address,/tell-hmrc-change-of-details
status,/view-prove-immigration-status
epc,/find-energy-certificate
hmrc sign in,/log-in-register-hmrc-online-services
lpa,/power-of-attorney
tax refund,/claim-tax-refund
driving licence,/view-driving-licence
driving licence,/renew-driving-licence
skilled worker,/skilled-worker-visa
rp07,/government/publications/apply-to-change-a-companys-disputed-registered-office-address-rp07
company house,/government/organisations/companies-house
child care account,/sign-in-childcare-account
v62,/government/publications/application-for-a-vehicle-registration-certificate
pension,/check-national-insurance-record
change address,/tell-hmrc-change-of-details
job,/find-a-job
tax,/government/organisations/hm-revenue-customs/contact/income-tax-enquiries-for-individuals-pensioners-and-employees
sa302,/sa302-tax-calculation
state pension,/get-state-pension
self assessment tax return,/log-in-file-self-assessment-tax-return
council tax,/pay-council-tax
eta,/guidance/apply-for-an-electronic-travel-authorisation-eta
suspension,/guidance/mot-inspection-manual-for-private-passenger-and-light-commercial-vehicles/5-axles-wheels-tyres-and-suspension
veterans id card,/government/news/new-veterans-id-cards-rolled-out-to-service-leavers
birth certificate,/order-copy-birth-death-marriage-certificate
prove,/prove-right-to-work
travel,/foreign-travel-advice
tax account,/log-in-register-hmrc-online-services
tax rebate,/claim-tax-refund
tax code,/personal-tax-account
pay corporation tax,/pay-corporation-tax
spouse visa,/uk-family-visa
child care,/sign-in-childcare-account
provisional licence,/apply-first-provisional-driving-licence
bno visa,/british-national-overseas-bno-visa
corporation tax,/pay-corporation-tax
sharecode,/view-prove-immigration-status
corporation tax,/log-in-register-hmrc-online-services
paying hmrc,/pay-corporation-tax
student visa,/student-visa
attendance allowance,/attendance-allowance
pay self assessment,/pay-self-assessment-tax-bill
universal credit,/government/collections/universal-credit-statistics
renew driving license,/renew-driving-licence
uc,/sign-in-universal-credit
carers allowance,/carers-allowance
hmrc,/contact-hmrc
tyres,/guidance/mot-inspection-manual-for-private-passenger-and-light-commercial-vehicles/5-axles-wheels-tyres-and-suspension
dbs,/dbs-update-service
ds01,/government/publications/strike-off-a-company-from-the-register-ds01
probate,/applying-for-probate
dart charge,/pay-dartford-crossing-charge
check your business rate valuation,/guidance/check-and-challenge-your-business-rates-valuation-step-by-step
sa1,/guidance/register-for-self-assessment-if-you-are-not-self-employed
tax,/check-income-tax-current-year
change driving test,/change-driving-test
immigration status,/view-prove-immigration-status
register for self assessment,/register-for-self-assessment
register to vote,/register-to-vote
driving licence,/apply-first-provisional-driving-licence
driving license,/apply-first-provisional-driving-licence
check mot,/check-mot-history
covid tests,/order-coronavirus-rapid-lateral-flow-tests
self employed,/set-up-self-employed
sign in,/sign-in-visa
paying hmrc,/pay-tax-debit-credit-card
eu,/settled-status-eu-citizens-families
ni38,/government/publications/social-security-abroad-ni38
view,/view-prove-immigration-status
psw,/graduate-visa
minimum wage,/government/publications/minimum-wage-rates-for-2024
probate,/search-will-probate
id check,/guidance/using-the-govuk-id-check-app
view and prove,/view-prove-immigration-status
tax my car,/vehicle-tax
dbs,/guidance/dbs-online-account-guidance
national insurance number,/government/publications/national-insurance-get-your-national-insurance-number-in-writing-ca5403
book driving test,/book-driving-test
esta,https://esta.cbp.dhs.gov/
rp02a,/government/publications/apply-for-rectification-by-the-registrar-of-companies-rp02a
family visa,/uk-family-visa
hmrc login,/log-in-register-hmrc-online-services
band check,/council-tax-bands
